{
  "tag": "instruct",
  "experiment": "WO5.1_steering_instrument_calibration",
  "reused_capture": true,
  "pair_sha": "db4da1e0b8516c18e8afca479e7c437095d266cf",
  "n_test": 200,
  "regL_c4": 4,
  "regL_c1": 30,
  "regR2_c4": 0.9609661759813254,
  "regR2_c1": 0.94407507321305,
  "zeroabl": {
    "delta": -7.67265625,
    "flip_away": 0.0,
    "n": 40
  },
  "swap": {
    "delta": -0.006250000000001421,
    "ci": [
      -0.016875000000002416,
      0.004374999999999574
    ],
    "flip_to_donor": 1.0,
    "n": 200
  },
  "sweep": {
    "k_grid": [
      1,
      2,
      4,
      8,
      16,
      32
    ],
    "k_deltas": [
      0.0,
      0.003750000000000142,
      -0.005000000000002558,
      -0.057500000000000995,
      -0.14187500000000242,
      -0.2921875000000007
    ],
    "rel_norm": [
      0.034909553084892374,
      0.06981910616978475,
      0.1396382123395695,
      0.279276424679139,
      0.558552849358278,
      1.117105698716556
    ]
  },
  "c1_reeval": null,
  "verdict": {
    "zero_abl_delta": -7.67265625,
    "swap_delta": -0.006250000000001421,
    "k_grid": [
      1,
      2,
      4,
      8,
      16,
      32
    ],
    "k_deltas": [
      0.0,
      0.003750000000000142,
      -0.005000000000002558,
      -0.057500000000000995,
      -0.14187500000000242,
      -0.2921875000000007
    ],
    "recover_thr": 0.5,
    "zeroabl_floor": 1.0,
    "k_star": null,
    "label": "METRIC_OR_SITE_SUSPECT",
    "reason": "Zero-ablation works (|\u0394|=-7.673) but a FULL donor swap at C4 '=' only moved the donor logit by -0.006 (< 0.5): the site is reachable but the donor/metric design is off \u2014 investigate before trusting the magnitude sweep."
  },
  "recover_thr": 0.5,
  "note": "Diagnoses WO#5's INCONCLUSIVE: climbs zero-ablation -> full donor swap -> magnitude sweep at C4 '=' (reusing the cached residuals). CALIBRATED@k => WO#5 was under-powered; DEAD_DIRECTION => the probe (operand-aligned) direction is not a causal handle."
}