{
  "meta": {
    "n_boot": 10000,
    "seed": 303,
    "alpha": 0.05,
    "method": "percentile bootstrap (paired for deltas) + Wilson cross-check"
  },
  "C4_vs_C1": {
    "base": {
      "contrast": "base: C4 vs C1",
      "n": 400,
      "C4": {
        "acc": 0.89,
        "bootstrap_ci": [
          0.8575,
          0.92
        ],
        "wilson_ci": [
          0.8555490895383555,
          0.9170313208808931
        ]
      },
      "C1": {
        "acc": 0.5075,
        "bootstrap_ci": [
          0.4575,
          0.555
        ],
        "wilson_ci": [
          0.45866859619769573,
          0.5561887193872896
        ]
      },
      "delta_C4_minus_C1": 0.38250000000000006,
      "delta_paired_bootstrap_ci": [
        0.3325,
        0.43250000000000005
      ]
    },
    "instruct": {
      "contrast": "instruct: C4 vs C1",
      "n": 400,
      "C4": {
        "acc": 0.9075,
        "bootstrap_ci": [
          0.8775,
          0.935
        ],
        "wilson_ci": [
          0.8751014146161221,
          0.9321460655014261
        ]
      },
      "C1": {
        "acc": 0.265,
        "bootstrap_ci": [
          0.2225,
          0.3075624999999991
        ],
        "wilson_ci": [
          0.22413371758035427,
          0.31033706075676515
        ]
      },
      "delta_C4_minus_C1": 0.6425,
      "delta_paired_bootstrap_ci": [
        0.595,
        0.6900000000000001
      ]
    }
  },
  "A1_vs_C1": {
    "instruct": {
      "contrast": "instruct: A1 (add-compose) vs C1 (mult-compose)",
      "n": 400,
      "A1": {
        "acc": 0.995,
        "bootstrap_ci": [
          0.9875,
          1.0
        ],
        "wilson_ci": [
          0.9819550815637568,
          0.9986277470452896
        ]
      },
      "C1": {
        "acc": 0.265,
        "bootstrap_ci": [
          0.2225,
          0.3075624999999991
        ],
        "wilson_ci": [
          0.22413371758035427,
          0.31033706075676515
        ]
      },
      "delta_A1_minus_C1": 0.73,
      "delta_paired_bootstrap_ci": [
        0.6875,
        0.7725000000000001
      ]
    }
  },
  "magnitude_bins_C1_vs_C4": [
    {
      "contrast": "|B*C| in [440,813) n=79",
      "n": 79,
      "C4": {
        "acc": 0.9620253164556962,
        "bootstrap_ci": [
          0.9113924050632911,
          1.0
        ],
        "wilson_ci": [
          0.8941993723231529,
          0.9870019131105641
        ]
      },
      "C1": {
        "acc": 0.5316455696202531,
        "bootstrap_ci": [
          0.4177215189873418,
          0.6455696202531646
        ],
        "wilson_ci": [
          0.4227140939927444,
          0.6376421584342223
        ]
      },
      "delta_C4_minus_C1": 0.4303797468354431,
      "delta_paired_bootstrap_ci": [
        0.3291139240506329,
        0.5443037974683544
      ],
      "bin_lo": 440.0,
      "bin_hi": 812.6000002
    },
    {
      "contrast": "|B*C| in [813,1185) n=126",
      "n": 126,
      "C4": {
        "acc": 0.9444444444444444,
        "bootstrap_ci": [
          0.9047619047619048,
          0.9761904761904762
        ],
        "wilson_ci": [
          0.8897591867415385,
          0.9728312448298405
        ]
      },
      "C1": {
        "acc": 0.2777777777777778,
        "bootstrap_ci": [
          0.1984126984126984,
          0.35714285714285715
        ],
        "wilson_ci": [
          0.20703071812371543,
          0.36167406609059494
        ]
      },
      "delta_C4_minus_C1": 0.6666666666666666,
      "delta_paired_bootstrap_ci": [
        0.5793650793650793,
        0.746031746031746
      ],
      "bin_lo": 812.6000002,
      "bin_hi": 1185.2000004
    },
    {
      "contrast": "|B*C| in [1185,1558) n=104",
      "n": 104,
      "C4": {
        "acc": 0.8846153846153846,
        "bootstrap_ci": [
          0.8173076923076923,
          0.9423076923076923
        ],
        "wilson_ci": [
          0.8090795037039419,
          0.9327502237018642
        ]
      },
      "C1": {
        "acc": 0.16346153846153846,
        "bootstrap_ci": [
          0.09615384615384616,
          0.2403846153846154
        ],
        "wilson_ci": [
          0.10463536095349268,
          0.24626362756642683
        ]
      },
      "delta_C4_minus_C1": 0.7211538461538461,
      "delta_paired_bootstrap_ci": [
        0.625,
        0.8076923076923077
      ],
      "bin_lo": 1185.2000004,
      "bin_hi": 1557.8000005999997
    },
    {
      "contrast": "|B*C| in [1558,1930) n=64",
      "n": 64,
      "C4": {
        "acc": 0.890625,
        "bootstrap_ci": [
          0.8125,
          0.953125
        ],
        "wilson_ci": [
          0.7910135867310387,
          0.945998866555832
        ]
      },
      "C1": {
        "acc": 0.1875,
        "bootstrap_ci": [
          0.09375,
          0.28125
        ],
        "wilson_ci": [
          0.11064643172948804,
          0.2997436056410152
        ]
      },
      "delta_C4_minus_C1": 0.703125,
      "delta_paired_bootstrap_ci": [
        0.59375,
        0.8125
      ],
      "bin_lo": 1557.8000005999997,
      "bin_hi": 1930.4000007999998
    },
    {
      "contrast": "|B*C| in [1930,2303) n=27",
      "n": 27,
      "C4": {
        "acc": 0.7037037037037037,
        "bootstrap_ci": [
          0.5185185185185185,
          0.8518518518518519
        ],
        "wilson_ci": [
          0.5151931703585185,
          0.8414695953022023
        ]
      },
      "C1": {
        "acc": 0.0,
        "bootstrap_ci": [
          0.0,
          0.0
        ],
        "wilson_ci": [
          0.0,
          0.12455502974186705
        ]
      },
      "delta_C4_minus_C1": 0.7037037037037037,
      "delta_paired_bootstrap_ci": [
        0.5185185185185185,
        0.8518518518518519
      ],
      "bin_lo": 1930.4000007999998,
      "bin_hi": 2303.000001
    }
  ]
}