{
  "tag": "instruct",
  "experiment": "WO6_T1.2_dose_response",
  "reused_capture": true,
  "k_grid": [
    1,
    2,
    4,
    8
  ],
  "instrument_layer": 4,
  "reg_c4_layer": 4,
  "candidate_layers": [
    4,
    19,
    23,
    26,
    31
  ],
  "ref_site": "C4_equals",
  "claim_site": "C1_equals",
  "ref_dose": {
    "k1": {
      "surface": "C4",
      "layer": 4,
      "k": 1,
      "mean_delta": 0.0023158206668449565,
      "ci": [
        -0.008860594288635183,
        0.012512070308599502
      ],
      "emit_Pprime_rate": 0.0,
      "n": 200,
      "gen_n": 40
    },
    "k2": {
      "surface": "C4",
      "layer": 4,
      "k": 2,
      "mean_delta": 0.005448850184329786,
      "ci": [
        -0.00747326745268947,
        0.01881064237980172
      ],
      "emit_Pprime_rate": 0.0,
      "n": 200,
      "gen_n": 40
    },
    "k4": {
      "surface": "C4",
      "layer": 4,
      "k": 4,
      "mean_delta": 0.005242857242701575,
      "ci": [
        -0.010368548530474073,
        0.022065745692932966
      ],
      "emit_Pprime_rate": 0.0,
      "n": 200,
      "gen_n": 40
    },
    "k8": {
      "surface": "C4",
      "layer": 4,
      "k": 8,
      "mean_delta": 0.11191453969513532,
      "ci": [
        0.08153702300033183,
        0.14532089712590093
      ],
      "emit_Pprime_rate": 0.0,
      "n": 200,
      "gen_n": 40
    }
  },
  "claim_dose": {
    "k1": {
      "surface": "C1",
      "layer": 4,
      "k": 1,
      "mean_delta": -0.003513308492838405,
      "ci": [
        -0.01669503272802103,
        0.00919443107457482
      ],
      "emit_Pprime_rate": 0.0,
      "n": 200,
      "gen_n": 40
    },
    "k2": {
      "surface": "C1",
      "layer": 4,
      "k": 2,
      "mean_delta": -0.011187144455034286,
      "ci": [
        -0.02533431582292542,
        0.002736322017270117
      ],
      "emit_Pprime_rate": 0.0,
      "n": 200,
      "gen_n": 40
    },
    "k4": {
      "surface": "C1",
      "layer": 4,
      "k": 4,
      "mean_delta": 0.0026281119463965295,
      "ci": [
        -0.014800284048251343,
        0.020672585641936164
      ],
      "emit_Pprime_rate": 0.0,
      "n": 200,
      "gen_n": 40
    },
    "k8": {
      "surface": "C1",
      "layer": 4,
      "k": 8,
      "mean_delta": 0.0054416691552614796,
      "ci": [
        -0.02370741486546467,
        0.03590036589912778
      ],
      "emit_Pprime_rate": 0.0,
      "n": 200,
      "gen_n": 40
    }
  },
  "verdict": {
    "k_grid": [
      1,
      2,
      4,
      8
    ],
    "ref_monotone": false,
    "ref_has_range": false,
    "claim_flat": true,
    "ref_top_delta": 0.11191453969513532,
    "claim_moves_at_k": [],
    "recover_thr": 0.5,
    "null_tol": 0.25,
    "min_rise": 0.1,
    "table": [
      {
        "k": 1,
        "ref_delta": 0.0023158206668449565,
        "ref_ci": [
          -0.008860594288635183,
          0.012512070308599502
        ],
        "claim_delta": -0.003513308492838405,
        "claim_ci": [
          -0.01669503272802103,
          0.00919443107457482
        ]
      },
      {
        "k": 2,
        "ref_delta": 0.005448850184329786,
        "ref_ci": [
          -0.00747326745268947,
          0.01881064237980172
        ],
        "claim_delta": -0.011187144455034286,
        "claim_ci": [
          -0.02533431582292542,
          0.002736322017270117
        ]
      },
      {
        "k": 4,
        "ref_delta": 0.005242857242701575,
        "ref_ci": [
          -0.010368548530474073,
          0.022065745692932966
        ],
        "claim_delta": 0.0026281119463965295,
        "claim_ci": [
          -0.014800284048251343,
          0.020672585641936164
        ]
      },
      {
        "k": 8,
        "ref_delta": 0.11191453969513532,
        "ref_ci": [
          0.08153702300033183,
          0.14532089712590093
        ],
        "claim_delta": 0.0054416691552614796,
        "claim_ci": [
          -0.02370741486546467,
          0.03590036589912778
        ]
      }
    ],
    "label": "WEAK_INSTRUMENT",
    "reason": "C1 is flat at every dose, but the REFERENCE site also fails to move (top-dose \u0394=0.112, crosses 0.5=False, top CI lo=0.082): there is NO dynamic range on this inject axis, so the C1 null is a possible DEAD INSTRUMENT and is uninterpretable from this control alone \u2014 the positive control must come from a site/route that does move (e.g. the operand path)."
  },
  "pair_sha": "db4da1e0b8516c18e8afca479e7c437095d266cf",
  "note": "Inject dose-response positive control for the C1 '=' causal null. Full-product metric \u0394(P'-true) with a CORRECT within-surface paired baseline. DEAD_DIRECTION_CONFIRMED needs the C4 reference to move monotonically with dose; WEAK_INSTRUMENT (no range anywhere) means the answer-site axis is inert even where the model succeeds (Stolfo re-derivation) and the positive control must come from the operand route. The CI is the result."
}