{
  "tag": "base",
  "r2_best_by_shots": {
    "0": 0.9988931437137623,
    "2": 0.9948037754804591,
    "4": 0.9948466149833436
  },
  "best_layer_by_shots": {
    "0": 3,
    "2": 1,
    "4": 1
  },
  "n_used_by_shots": {
    "0": 400,
    "2": 400,
    "4": 400
  },
  "n_skipped_by_shots": {
    "0": 0,
    "2": 0,
    "4": 0
  },
  "by_shots": {
    "0": {
      "tag": "base",
      "shots": 0,
      "n_used": 400,
      "n_skipped": 0,
      "n_used_ok": true,
      "r2_by_layer": {
        "0": 0.9978808168835559,
        "1": 0.9975739914393476,
        "2": 0.9983823267625858,
        "3": 0.9988931437137623,
        "4": 0.9983970575046984,
        "5": 0.9987930006901066,
        "6": 0.9979754169660554,
        "7": 0.9970742115614636,
        "8": 0.996256435837438,
        "9": 0.9938812061572491,
        "10": 0.9920804326173795,
        "11": 0.9902851096753718,
        "12": 0.9889919710748297,
        "13": 0.9858644942843089,
        "14": 0.9848354387393082,
        "15": 0.9784417492705838,
        "16": 0.9635607979660026,
        "17": 0.9531313179451758,
        "18": 0.9379466791563693,
        "19": 0.9276575123643719,
        "20": 0.9248703317645754,
        "21": 0.9192404425012668,
        "22": 0.915254900875376,
        "23": 0.9154439080755378,
        "24": 0.9108332206094348,
        "25": 0.9167219977965183,
        "26": 0.9145441805164177,
        "27": 0.9166119238578263,
        "28": 0.9204118538511078,
        "29": 0.9207459485123595,
        "30": 0.9284045220283574,
        "31": 0.9193279763813157
      },
      "best_layer": 3,
      "r2_best": 0.9988931437137623,
      "seed": 404,
      "pair_sha": "db4da1e0b8516c18e8afca479e7c437095d266cf",
      "ridge": 1.0,
      "folds": 5
    },
    "2": {
      "tag": "base",
      "shots": 2,
      "n_used": 400,
      "n_skipped": 0,
      "n_used_ok": true,
      "r2_by_layer": {
        "0": 0.9933410100050369,
        "1": 0.9948037754804591,
        "2": 0.9947218937803665,
        "3": 0.9940593567982493,
        "4": 0.9806344339805313,
        "5": 0.9647436141974725,
        "6": 0.9288846625558578,
        "7": 0.8858513968958731,
        "8": 0.8280079274017775,
        "9": 0.7771733615596432,
        "10": 0.7283499018858135,
        "11": 0.7055992277811113,
        "12": 0.698626831485136,
        "13": 0.6789554381238508,
        "14": 0.7716416003230158,
        "15": 0.7745230333298561,
        "16": 0.7531734562726392,
        "17": 0.7501096792525488,
        "18": 0.7597833981008811,
        "19": 0.7588273242728182,
        "20": 0.7637673546807069,
        "21": 0.7892781820887621,
        "22": 0.7936178755223927,
        "23": 0.7981365520494691,
        "24": 0.8040622019617376,
        "25": 0.8052494260476549,
        "26": 0.8049460749558115,
        "27": 0.8133528835234713,
        "28": 0.8242875491994742,
        "29": 0.8165036275774067,
        "30": 0.8023244867074407,
        "31": 0.754822417679183
      },
      "best_layer": 1,
      "r2_best": 0.9948037754804591,
      "seed": 2404,
      "pair_sha": "db4da1e0b8516c18e8afca479e7c437095d266cf",
      "ridge": 1.0,
      "folds": 5
    },
    "4": {
      "tag": "base",
      "shots": 4,
      "n_used": 400,
      "n_skipped": 0,
      "n_used_ok": true,
      "r2_by_layer": {
        "0": 0.9931397212984264,
        "1": 0.9948466149833436,
        "2": 0.9947059045881369,
        "3": 0.9940545385738588,
        "4": 0.9815935942743909,
        "5": 0.9256579463321984,
        "6": 0.8256558021382551,
        "7": 0.7433810668874323,
        "8": 0.6370812249137503,
        "9": 0.5594957232348203,
        "10": 0.4788947721783646,
        "11": 0.4476017357043939,
        "12": 0.4322568350120398,
        "13": 0.44014447139630464,
        "14": 0.7391414676251744,
        "15": 0.701327329241648,
        "16": 0.5746567148584717,
        "17": 0.5202042494556811,
        "18": 0.5292372390578413,
        "19": 0.5091434553435275,
        "20": 0.48756842272080436,
        "21": 0.5793109280292623,
        "22": 0.5992558057632844,
        "23": 0.5982169440076666,
        "24": 0.6145481189948447,
        "25": 0.6358642759637452,
        "26": 0.669342941592488,
        "27": 0.6846930433917623,
        "28": 0.7233544893534622,
        "29": 0.7248370754489252,
        "30": 0.7295385293652378,
        "31": 0.7172159569468504
      },
      "best_layer": 1,
      "r2_best": 0.9948466149833436,
      "seed": 4404,
      "pair_sha": "db4da1e0b8516c18e8afca479e7c437095d266cf",
      "ridge": 1.0,
      "folds": 5
    }
  },
  "trend": "DECODABLE_IN_BOTH",
  "reading": "B stays decodable across regimes (0-shot=0.999, 2-shot=0.995, 4-shot=0.995); few-shot changes USE, not encoding.",
  "pair_sha": "db4da1e0b8516c18e8afca479e7c437095d266cf",
  "ridge": 1.0,
  "folds": 5,
  "note": "Decodability contrast ONLY (no causal claim). 0-shot here is the bare-C1 probe on the shared sample; the only thing that varies across conditions is the few-shot prefix."
}