{
  "tag": "instruct",
  "r2_best_by_shots": {
    "0": 0.9986978593391928,
    "2": 0.9938449368603015,
    "4": 0.993833688386309
  },
  "best_layer_by_shots": {
    "0": 3,
    "2": 1,
    "4": 1
  },
  "n_used_by_shots": {
    "0": 400,
    "2": 400,
    "4": 400
  },
  "n_skipped_by_shots": {
    "0": 0,
    "2": 0,
    "4": 0
  },
  "by_shots": {
    "0": {
      "tag": "instruct",
      "shots": 0,
      "n_used": 400,
      "n_skipped": 0,
      "n_used_ok": true,
      "r2_by_layer": {
        "0": 0.9921793356648394,
        "1": 0.9968527031570825,
        "2": 0.9980862326356497,
        "3": 0.9986978593391928,
        "4": 0.9978978737269969,
        "5": 0.9977893874238036,
        "6": 0.9971123132545305,
        "7": 0.9955966027062937,
        "8": 0.9945972584250916,
        "9": 0.9930067078417596,
        "10": 0.9926223490388334,
        "11": 0.9924618494052089,
        "12": 0.9916029473251112,
        "13": 0.9910152917291079,
        "14": 0.9910323328084764,
        "15": 0.9910775182733087,
        "16": 0.9897387008813785,
        "17": 0.9893350117876608,
        "18": 0.9890505268880283,
        "19": 0.9891785204854456,
        "20": 0.9890800336732554,
        "21": 0.9887122931287667,
        "22": 0.9879643002716363,
        "23": 0.9872201839745461,
        "24": 0.9875064669725716,
        "25": 0.9869257965951854,
        "26": 0.9872511608610754,
        "27": 0.9874046317270385,
        "28": 0.9883247389625113,
        "29": 0.9879813585865787,
        "30": 0.9904645400546849,
        "31": 0.9784738298133127
      },
      "best_layer": 3,
      "r2_best": 0.9986978593391928,
      "seed": 404,
      "pair_sha": "db4da1e0b8516c18e8afca479e7c437095d266cf",
      "ridge": 1.0,
      "folds": 5
    },
    "2": {
      "tag": "instruct",
      "shots": 2,
      "n_used": 400,
      "n_skipped": 0,
      "n_used_ok": true,
      "r2_by_layer": {
        "0": 0.9837533742192652,
        "1": 0.9938449368603015,
        "2": 0.9934504249452284,
        "3": 0.9928997956786615,
        "4": 0.980484110589538,
        "5": 0.9620199463473561,
        "6": 0.9245234941295777,
        "7": 0.8904196557060654,
        "8": 0.8359189063844582,
        "9": 0.7919233973541371,
        "10": 0.7364913990380979,
        "11": 0.7051528703305849,
        "12": 0.7071839167614349,
        "13": 0.690237816434859,
        "14": 0.7164678061001766,
        "15": 0.7065734233767481,
        "16": 0.6833910013454751,
        "17": 0.6691713378967601,
        "18": 0.6605010058393557,
        "19": 0.658799023065514,
        "20": 0.6553605580603239,
        "21": 0.6593905582255513,
        "22": 0.6686827969020455,
        "23": 0.6700668457037049,
        "24": 0.6759458323698619,
        "25": 0.6868556647130687,
        "26": 0.6854829278555349,
        "27": 0.697666639035863,
        "28": 0.7138978321199354,
        "29": 0.7170351320852039,
        "30": 0.7269488954384772,
        "31": 0.7157653385787481
      },
      "best_layer": 1,
      "r2_best": 0.9938449368603015,
      "seed": 2404,
      "pair_sha": "db4da1e0b8516c18e8afca479e7c437095d266cf",
      "ridge": 1.0,
      "folds": 5
    },
    "4": {
      "tag": "instruct",
      "shots": 4,
      "n_used": 400,
      "n_skipped": 0,
      "n_used_ok": true,
      "r2_by_layer": {
        "0": 0.9821766070959539,
        "1": 0.993833688386309,
        "2": 0.993232254458327,
        "3": 0.9924956635422295,
        "4": 0.9832972879595256,
        "5": 0.9286434410030024,
        "6": 0.8559354204819065,
        "7": 0.750494326122179,
        "8": 0.6329074322943011,
        "9": 0.5902287662216521,
        "10": 0.5189995846776504,
        "11": 0.4914646537565568,
        "12": 0.5156400532724246,
        "13": 0.5125879820133099,
        "14": 0.6329293334711459,
        "15": 0.6120914817300451,
        "16": 0.5558248131175527,
        "17": 0.5312858354924301,
        "18": 0.5252018240905274,
        "19": 0.5124482646411836,
        "20": 0.5033104386879008,
        "21": 0.5475282197512449,
        "22": 0.563080823634462,
        "23": 0.5607966761241928,
        "24": 0.5712754782917397,
        "25": 0.581193771082725,
        "26": 0.603738892347812,
        "27": 0.6195670516850476,
        "28": 0.6495173141689561,
        "29": 0.6521113972776886,
        "30": 0.6659508958880105,
        "31": 0.6589612021126133
      },
      "best_layer": 1,
      "r2_best": 0.993833688386309,
      "seed": 4404,
      "pair_sha": "db4da1e0b8516c18e8afca479e7c437095d266cf",
      "ridge": 1.0,
      "folds": 5
    }
  },
  "trend": "DECODABLE_IN_BOTH",
  "reading": "B stays decodable across regimes (0-shot=0.999, 2-shot=0.994, 4-shot=0.994); few-shot changes USE, not encoding.",
  "pair_sha": "db4da1e0b8516c18e8afca479e7c437095d266cf",
  "ridge": 1.0,
  "folds": 5,
  "note": "Decodability contrast ONLY (no causal claim). 0-shot here is the bare-C1 probe on the shared sample; the only thing that varies across conditions is the few-shot prefix."
}