{
  "tag": "instruct",
  "n_used": 33,
  "n_skipped": 0,
  "n_c1_already_correct_excluded": 95,
  "B_decodable_cv_r2_best": 0.9565218094520036,
  "B_decodable_best_layer": 2,
  "B_decodable_cv_r2_by_layer": {
    "0": 0.9128027956376391,
    "1": 0.9543410064506016,
    "2": 0.9565218094520036,
    "3": 0.9521434491415771,
    "4": 0.9457239994604766,
    "5": 0.9381359790983836,
    "6": 0.9261330900175676,
    "7": 0.9286045166114051,
    "8": 0.8967868606028078,
    "9": 0.8905049675948944,
    "10": 0.8833769699817621,
    "11": 0.8766236809074104,
    "12": 0.8735226028672284,
    "13": 0.8605261903426598,
    "14": 0.8709617415566853,
    "15": 0.8622950468139035,
    "16": 0.8372072250890222,
    "17": 0.8289570256391181,
    "18": 0.8180256240215735,
    "19": 0.8171717549605277,
    "20": 0.8149372943258233,
    "21": 0.8048823430254173,
    "22": 0.7992932481891949,
    "23": 0.7914759345608872,
    "24": 0.7931180584041373,
    "25": 0.7984611025138642,
    "26": 0.804753212666891,
    "27": 0.8077629678812475,
    "28": 0.8161030093150526,
    "29": 0.8142062158098946,
    "30": 0.8297822181731714,
    "31": 0.7394556768959135
  },
  "patch_layer": 2,
  "patch_argmax_flip_rate_to_correct": 0.0,
  "patch_mean_correct_logit_delta": 0.0,
  "decodable": true,
  "causally_used": false,
  "reading": "DECODABLE-BUT-UNUSED: B is linearly decodable from C1's post-bracket site (CV-R^2=0.96) yet patching the correctly-evaluated C6 subexpr in rarely makes C1 emit the correct product (flip-rate=0.00). The operand is computed and discarded \u2014 decodable-but-not-causally-used."
}