{
  "tag": "instruct",
  "band2": [
    2,
    99
  ],
  "primary_band": [
    20,
    49
  ],
  "pairs_sha": "3357af098fa7a044f8e5fdb5f6e0c789855e483c",
  "n_used": 400,
  "acc_C0_band2": 0.685,
  "acc_C4_band2": 0.73,
  "parts_floor": 0.8,
  "in_scope_strict": false,
  "parts_note": "band2 (2,99) is a HARDER regime: C0/C4 drop ~15-20pts vs (20,49) and sit BELOW the 0.8 parts floor. The probe doesn't strictly require behavioral competence (residuals can encode B,C even when the output is wrong), but the 'model does the parts' premise is weaker here \u2014 report as a harder regime where operand-domination still holds, not as comfortably in-scope.",
  "gap_ci": {
    "C1_equals": {
      "gap_mean": 0.06024549645240846,
      "gap_ci": [
        0.04336426179496106,
        0.07920297140791671
      ],
      "gap_excludes_zero": true,
      "r2_real_ci": [
        0.9120758850724618,
        0.9366243129652062
      ],
      "r2_base_ci": [
        0.8431953270269078,
        0.8833580510801131
      ],
      "n_boot_used": 300
    },
    "C4_equals": {
      "gap_mean": 0.0901619825771692,
      "gap_ci": [
        0.07433556620229581,
        0.10942489058775778
      ],
      "gap_excludes_zero": true,
      "r2_real_ci": [
        0.9465762716547413,
        0.9613318718244452
      ],
      "r2_base_ci": [
        0.8431953270269078,
        0.8833580510801131
      ],
      "n_boot_used": 300
    }
  },
  "c4_minus_c1_diff_ci": {
    "C4_minus_C1_gap_mean": 0.029916486124760732,
    "ci": [
      0.022879128836750376,
      0.03779329544872218
    ],
    "excludes_zero": true
  },
  "headline_C1_equals_product": {
    "tag": "instruct",
    "band": "(2, 99)",
    "site": "C1_equals",
    "target": "B_times_C",
    "layer": 7,
    "n": 400,
    "R2_real": 0.9130222433807686,
    "R2_control_task": -0.03779341848515383,
    "R2_shuffled": -0.1298111163294271,
    "R2_linearBC_baseline": 0.8648322349617523,
    "selectivity": 0.9508156618659225,
    "baseline_gap": 0.04819000841901633,
    "headroom_above_baseline": 0.13516776503824768,
    "verdict": "OPERANDS_ONLY",
    "gap_ci": [
      0.04336426179496106,
      0.07920297140791671
    ],
    "gap_excludes_zero": true
  },
  "rows": [
    {
      "tag": "instruct",
      "band": "(2, 99)",
      "site": "C1_equals",
      "target": "B_times_C",
      "layer": 7,
      "n": 400,
      "R2_real": 0.9130222433807686,
      "R2_control_task": -0.03779341848515383,
      "R2_shuffled": -0.1298111163294271,
      "R2_linearBC_baseline": 0.8648322349617523,
      "selectivity": 0.9508156618659225,
      "baseline_gap": 0.04819000841901633,
      "headroom_above_baseline": 0.13516776503824768,
      "verdict": "OPERANDS_ONLY",
      "gap_ci": [
        0.04336426179496106,
        0.07920297140791671
      ],
      "gap_excludes_zero": true
    },
    {
      "tag": "instruct",
      "band": "(2, 99)",
      "site": "C1_equals",
      "target": "B",
      "layer": 3,
      "n": 400,
      "R2_real": 0.9712077655776925,
      "R2_control_task": -0.03373813622201416,
      "R2_shuffled": -0.1344111951043896,
      "R2_linearBC_baseline": 0.9999190371571374,
      "selectivity": 1.0049459017997067,
      "baseline_gap": -0.028711271579444864,
      "headroom_above_baseline": 8.096284286263078e-05,
      "verdict": "OPERANDS_ONLY"
    },
    {
      "tag": "instruct",
      "band": "(2, 99)",
      "site": "C1_equals",
      "target": "C",
      "layer": 2,
      "n": 400,
      "R2_real": 0.9958587417515518,
      "R2_control_task": -0.01248458124185059,
      "R2_shuffled": -0.09180255092370171,
      "R2_linearBC_baseline": 0.9999243152856961,
      "selectivity": 1.0083433229934022,
      "baseline_gap": -0.004065573534144384,
      "headroom_above_baseline": 7.568471430385859e-05,
      "verdict": "OPERANDS_ONLY"
    },
    {
      "tag": "instruct",
      "band": "(2, 99)",
      "site": "C1_rparen",
      "target": "B",
      "layer": 3,
      "n": 400,
      "R2_real": 0.9970283067562337,
      "R2_control_task": -0.08303772685614197,
      "R2_shuffled": -0.08159064803733918,
      "R2_linearBC_baseline": 0.9999190371571374,
      "selectivity": 1.0800660336123755,
      "baseline_gap": -0.002890730400903707,
      "headroom_above_baseline": 8.096284286263078e-05,
      "verdict": "OPERANDS_ONLY"
    },
    {
      "tag": "instruct",
      "band": "(2, 99)",
      "site": "C1_rparen",
      "target": "B_times_C",
      "layer": 0,
      "n": 400,
      "R2_real": 0.36429309919410735,
      "R2_control_task": -0.04787629122701742,
      "R2_shuffled": -0.09427616779019155,
      "R2_linearBC_baseline": 0.8648322349617523,
      "selectivity": 0.41216939042112477,
      "baseline_gap": -0.500539135767645,
      "headroom_above_baseline": 0.13516776503824768,
      "verdict": "OPERANDS_ONLY"
    },
    {
      "tag": "instruct",
      "band": "(2, 99)",
      "site": "C4_equals",
      "target": "B_times_C",
      "layer": 6,
      "n": 400,
      "R2_real": 0.9487327115844421,
      "R2_control_task": -0.03597412803356814,
      "R2_shuffled": -0.14625218224684233,
      "R2_linearBC_baseline": 0.8648322349617523,
      "selectivity": 0.9847068396180102,
      "baseline_gap": 0.08390047662268973,
      "headroom_above_baseline": 0.13516776503824768,
      "verdict": "OPERANDS_ONLY",
      "gap_ci": [
        0.07433556620229581,
        0.10942489058775778
      ],
      "gap_excludes_zero": true
    }
  ],
  "ridge": 1.0,
  "folds": 5,
  "seed": 919,
  "gap_nboot": 300,
  "note": "Band-robustness panel. band2 linear-(B,C) ceiling \u22480.85 (vs \u22480.97 at (20,49)) -> \u22480.15 headroom. The DECISION is the gap CI (gap=R2_real-baseline): brackets 0 -> operand-explained (no detectable product even with headroom); excludes 0 -> a small REAL product component (then the claim shifts from 'not represented' to 'weakly represented but causally dormant', leaning on the causal null). The fixed 0.10 'verdict' margin is a heuristic, NOT the test."
}